MAC_address,window_mame,timestamp,data
60:45:2E:F3:21:21,keylogger – app.py,2025-02-26 16:53,ihcoiuzhdfuho hjiohdusgdiusgfhodgfudsigfdui
60:45:2E:F3:21:21,keylogger – app.py,2025-02-26 16:53,hoxiusagvuy
60:45:2E:F3:21:21,keylogger – app.py,2025-02-26 16:53,fud hadgyivscbdcsdvcbzcgyugdchksgacuigbxvyucv houhuig
60:45:2E:F3:21:21,keylogger – app.py,2025-02-26 16:53,ygcyu bijbgcgsbdbcguxziyugccgdyucg
60:45:2E:F3:21:21,keylogger – app.py,2025-02-26 16:53,iohuigyufyuyufgyg
60:45:2E:F3:21:21,keylogger – app.py,2025-02-26 16:53,ggygyufguydytdyttyd jihugifyut
60:45:2E:F3:21:21,keylogger – app.py,2025-02-26 16:54,dtdys 
60:45:2E:F3:21:21,Keylogger Dashboard - Google Chrome,2025-02-26 16:54,/
60:45:2E:F3:21:21,Keylogger Dashboard - Google Chrome,2025-02-26 16:54,Key.right
60:45:2E:F3:21:21,Keylogger Dashboard - Google Chrome,2025-02-26 16:54,"Key.backspaceKey.backspaceKey.backspaceKey.backspaceKey.backspaceKey.backspaceKey.backspaceKey.backspaceKey.backspaceKey.backspaceKey.backspaceKey.backspaceKey.backspace
"
60:45:2E:F3:21:21,keylogger – app.py,2025-02-26 16:54,noihsuzsugc ojoihKey.shiftUbsjch
60:45:2E:F3:21:21,keylogger – app.py,2025-02-26 16:54,dubchadcobdsuivbdg iozhcudsgbciajcvsaugbsui nxbjzcshdf
60:45:2E:F3:21:21,keylogger – app.py,2025-02-26 16:54,uysfcgsauicgdyicgighsydagfciaghsdciuyidaggcuisagcuisagcisuc baug
60:45:2E:F3:21:21,keylogger – app.py,2025-02-26 16:54,aKey.shiftSIUCGshcjsdhcuigbisugcuicguigc jshdusdjkshdiushb 
60:45:2E:F3:21:21,keylogger – app.py,2025-02-26 16:54,dhjsududysdughfjchsjcudhneh ekKey.backspaceli
60:45:2E:F3:21:21,keylogger – app.py,2025-02-26 16:54,  cbzhgun nkhjsihd nhu 
60:45:2E:F3:21:21,keylogger – app.py,2025-02-26 16:54,sdsadbjksgdysd bd
60:45:2E:F3:21:21,keylogger – app.py,2025-02-26 16:55,sgdhsav hvdjygvdsdv
60:45:2E:F3:21:21,keylogger – app.py,2025-02-26 16:55, gidgysygds 
60:45:2E:F3:21:21,keylogger – app.py,2025-02-26 16:55,zxzdaddwdwd
60:45:2E:F3:21:21,keylogger – app.py,2025-02-26 16:55,jkhkugfyudrrfufdtydrt
60:45:2E:F3:21:21,keylogger – app.py,2025-02-26 16:55,vfttufgdfhgfvghghdgf
60:45:2E:F3:21:21,keylogger – app.py,2025-02-26 16:55,hjcghdhouuigfyfyucvjhfyu
60:45:2E:F3:21:21,keylogger – app.py,2025-02-26 16:55,fd
60:45:2E:F3:21:21,keylogger – app.py,2025-02-26 16:55,8tty788t8768rtut7tcv
60:45:2E:F3:21:21,keylogger – app.py,2025-02-26 16:55,gugfgu
60:45:2E:F3:21:21,keylogger – app.py,2025-02-26 16:55,it78tityfuyfudydfuy
60:45:2E:F3:21:21,keylogger – app.py,2025-02-26 16:56,oiytuyfyufyfdtf
60:45:2E:F3:21:21,keylogger – app.py,2025-02-26 16:56, yufyudgfuyfhugugyuvuff
60:45:2E:F3:21:21,keylogger – app.py,2025-02-26 16:56,fyfiyufgjkbgvhucvguct
60:45:2E:F3:21:21,New Tab - Google Chrome,2025-02-26 16:56,nj
60:45:2E:F3:21:21,New Tab - Google Chrome,2025-02-26 16:56,hjknjgbnkubj hhiohoihiho 
60:45:2E:F3:21:21,New Tab - Google Chrome,2025-02-26 16:56,uituiv outu
60:45:2E:F3:21:21,New Tab - Google Chrome,2025-02-26 16:56, gyuyf
60:45:2E:F3:21:21,New Tab - Google Chrome,2025-02-26 16:56, 
60:45:2E:F3:21:21,New Tab - Google Chrome,2025-02-26 16:57,Key.backspaceKey.backspaceKey.backspaceKey.backspaceKey.backspaceKey.backspaceKey.backspaceKey.backspaceKey.backspaceKey.backspaceKey.backspaceKey.backspaceKey.backspaceKey.backspaceKey.backspaceKey.backspaceKey.backspaceKey.backspaceKey.backspaceKey.backspaceKey.backspaceKey.backspaceKey.backspaceKey.backspaceKey.backspaceKey.backspaceKey.backspaceKey.backspaceKey.backspaceKey.backspaceKey.backspaceKey.backspaceKey.backspaceKey.backspaceKey.backspaceKey.backspaceKey.backspace
60:45:2E:F3:21:21,New Tab - Google Chrome,2025-02-26 16:57,Key.backspaceKey.backspaceKey.backspaceKey.backspaceKey.backspaceKey.backspaceKey.backspaceKey.backspace
60:45:2E:F3:21:21,keylogger – KeyloggerManager.py,2025-02-26 22:54,מםKey.shiftHUן'עגטשגעוגעהג נוןעכגטושכא
60:45:2E:F3:21:21,keylogger – KeyloggerManager.py,2025-02-26 22:54,שעגגהשעגושעגןשקיעקווןכעקוכיעקכטןעק גנעושןעכדקטעגןשיגעויכן'כ'ויקכועקכעק נגון
60:45:2E:F3:21:21,keylogger – KeyloggerManager.py,2025-02-26 22:54,עדיכגןזדכיםזעןכיןקט וןדעגזוןדעכקדכעו וןכעדןוכועקכדיככיעקכןעכןעכ 
60:45:2E:F3:21:21,New Tab - Google Chrome,2025-02-26 22:54,"Key.ctrl_l
"
60:45:2E:F3:21:21,keylogger – KeyloggerManager.py,2025-02-26 22:54,מםןיעןעעו
60:45:2E:F3:21:21,keylogger – KeyloggerManager.py,2025-02-26 22:54,עוטכוא
60:45:2E:F3:21:21,keylogger – KeyloggerManager.py,2025-02-26 22:55,נחלעטכעוכ
60:45:2E:F3:21:21,keylogger – KeyloggerManager.py,2025-02-26 22:55,Key.backspaceKey.backspaceKey.backspaceKey.backspaceKey.backspaceKey.backspaceKey.backspaceKey.backspaceKey.backspaceKey.backspaceKey.backspaceKey.backspaceKey.backspaceKey.backspaceKey.backspaceKey.backspaceKey.backspaceKey.backspaceKey.backspaceKey.backspaceKey.backspaceKey.backspaceKey.backspaceKey.backspace
60:45:2E:F3:21:21,New Tab - Google Chrome,2025-02-27 09:03,"Key.ctrl_l
"
60:45:2E:F3:21:21,keylogger – KeyloggerManager.py,2025-02-27 09:03,hoigiugyihhoiuhuig jihugt7t67r7fyu76 
60:45:2E:F3:21:21,Keylogger Dashboard - Google Chrome,2025-02-27 09:04,ho
60:45:2E:F3:21:21,Keylogger Dashboard - Google Chrome,2025-02-27 09:04,Key.backspaceKey.backspace
60:45:2E:F3:21:21,New Tab - Google Chrome,2025-02-27 10:52,"Key.ctrl_l
"
60:45:2E:F3:21:21,keylogger – KeyloggerManager.py,2025-02-27 10:52,חעןוע
60:45:2E:F3:21:21,keylogger – KeyloggerManager.py,2025-02-27 10:52,כטכואכגאכגטא יעלטןטכוכטוכ 
60:45:2E:F3:21:21,keylogger – KeyloggerManager.py,2025-02-27 10:52,מה נשמע
60:45:2E:F3:21:21,keylogger – KeyloggerManager.py,2025-02-27 10:52, 
60:45:2E:F3:21:21,Keylogger Dashboard - Google Chrome,2025-02-27 10:55,י
60:45:2E:F3:21:21,Keylogger Dashboard - Google Chrome,2025-02-27 10:55,םKey.backspaceKey.backspaceKey.alt_lKey.shiftים
60:45:2E:F3:21:21,Keylogger Dashboard - Google Chrome,2025-02-27 10:55,Key.backspaceKey.backspace
